distance_m,elevation_m,speed_limit_kph
0,0.0,60
3600,25.570719352421055,70
12739,26.399074565502012,60
19776,60,60
25531,43.70482590792562,70
27031,50.50464223123223,70
28531,45.92325761240342,70
29089,47.89773220090845,70
37415,44.75770410791465,70
43193,39.68566517622847,60
50000,80.0,60